{
  "meta": {
    "generatedAt": "2025-12-28T02:37:54.191Z",
    "source": "generate_regions.js"
  },
  "regions": [
    {
      "id": "R1",
      "name": "Region 1 — Oak Hollow",
      "areas": [
        "R1:A1",
        "R1:A2",
        "R1:A3",
        "R1:A4",
        "R1:A5",
        "R1:A6",
        "R1:A7",
        "R1:A8",
        "R1:A9",
        "R1:A10",
        "R1:A11",
        "R1:A12",
        "R1:A13",
        "R1:A14",
        "R1:A15"
      ]
    },
    {
      "id": "R2",
      "name": "Region 2 — Storm Glen",
      "areas": [
        "R2:A1",
        "R2:A2",
        "R2:A3",
        "R2:A4",
        "R2:A5",
        "R2:A6",
        "R2:A7",
        "R2:A8",
        "R2:A9",
        "R2:A10",
        "R2:A11",
        "R2:A12",
        "R2:A13"
      ]
    },
    {
      "id": "R3",
      "name": "Region 3 — White Harbor",
      "areas": [
        "R3:A1",
        "R3:A2",
        "R3:A3",
        "R3:A4",
        "R3:A5",
        "R3:A6",
        "R3:A7",
        "R3:A8",
        "R3:A9",
        "R3:A10",
        "R3:A11",
        "R3:A12",
        "R3:A13",
        "R3:A14",
        "R3:A15"
      ]
    },
    {
      "id": "R4",
      "name": "Region 4 — Silver Hold Point",
      "areas": [
        "R4:A1",
        "R4:A2",
        "R4:A3",
        "R4:A4",
        "R4:A5",
        "R4:A6",
        "R4:A7",
        "R4:A8",
        "R4:A9",
        "R4:A10",
        "R4:A11",
        "R4:A12",
        "R4:A13"
      ]
    },
    {
      "id": "R5",
      "name": "Region 5 — Birch Cross Hold",
      "areas": [
        "R5:A1",
        "R5:A2",
        "R5:A3",
        "R5:A4",
        "R5:A5",
        "R5:A6",
        "R5:A7",
        "R5:A8",
        "R5:A9",
        "R5:A10",
        "R5:A11",
        "R5:A12"
      ]
    },
    {
      "id": "R6",
      "name": "Region 6 — Bright Harbor",
      "areas": [
        "R6:A1",
        "R6:A2",
        "R6:A3",
        "R6:A4",
        "R6:A5",
        "R6:A6",
        "R6:A7",
        "R6:A8",
        "R6:A9",
        "R6:A10",
        "R6:A11",
        "R6:A12",
        "R6:A13"
      ]
    },
    {
      "id": "R7",
      "name": "Region 7 — Iron Forge",
      "areas": [
        "R7:A1",
        "R7:A2",
        "R7:A3",
        "R7:A4",
        "R7:A5",
        "R7:A6",
        "R7:A7",
        "R7:A8",
        "R7:A9",
        "R7:A10",
        "R7:A11",
        "R7:A12",
        "R7:A13"
      ]
    },
    {
      "id": "R8",
      "name": "Region 8 — Blue Glen Hold",
      "areas": [
        "R8:A1",
        "R8:A2",
        "R8:A3",
        "R8:A4",
        "R8:A5",
        "R8:A6",
        "R8:A7",
        "R8:A8",
        "R8:A9",
        "R8:A10",
        "R8:A11",
        "R8:A12",
        "R8:A13",
        "R8:A14",
        "R8:A15"
      ]
    },
    {
      "id": "R9",
      "name": "Region 9 — Storm Ford",
      "areas": [
        "R9:A1",
        "R9:A2",
        "R9:A3",
        "R9:A4",
        "R9:A5",
        "R9:A6",
        "R9:A7",
        "R9:A8",
        "R9:A9",
        "R9:A10",
        "R9:A11",
        "R9:A12"
      ]
    },
    {
      "id": "R10",
      "name": "Region 10 — Wind Vale",
      "areas": [
        "R10:A1",
        "R10:A2",
        "R10:A3",
        "R10:A4",
        "R10:A5",
        "R10:A6",
        "R10:A7",
        "R10:A8",
        "R10:A9",
        "R10:A10",
        "R10:A11",
        "R10:A12"
      ]
    }
  ],
  "areaStates": {
    "R1:A1": {
      "id": "R1:A1",
      "name": "Oak Hollow"
    },
    "R1:A2": {
      "id": "R1:A2",
      "name": "Raven Brook"
    },
    "R1:A3": {
      "id": "R1:A3",
      "name": "Oak Field"
    },
    "R1:A4": {
      "id": "R1:A4",
      "name": "White Harbor"
    },
    "R1:A5": {
      "id": "R1:A5",
      "name": "Crystal Gate"
    },
    "R1:A6": {
      "id": "R1:A6",
      "name": "Blue Brook"
    },
    "R1:A7": {
      "id": "R1:A7",
      "name": "Oak Wood Port"
    },
    "R1:A8": {
      "id": "R1:A8",
      "name": "Golden Hold"
    },
    "R1:A9": {
      "id": "R1:A9",
      "name": "Storm Cross"
    },
    "R1:A10": {
      "id": "R1:A10",
      "name": "Oak Vale"
    },
    "R1:A11": {
      "id": "R1:A11",
      "name": "Wind Vale Market"
    },
    "R1:A12": {
      "id": "R1:A12",
      "name": "Stone Heath"
    },
    "R1:A13": {
      "id": "R1:A13",
      "name": "Birch Field Port"
    },
    "R1:A14": {
      "id": "R1:A14",
      "name": "White Moor Borough"
    },
    "R1:A15": {
      "id": "R1:A15",
      "name": "Green Pass"
    },
    "R2:A1": {
      "id": "R2:A1",
      "name": "Storm Glen"
    },
    "R2:A2": {
      "id": "R2:A2",
      "name": "Green Glen Town"
    },
    "R2:A3": {
      "id": "R2:A3",
      "name": "Storm Glen"
    },
    "R2:A4": {
      "id": "R2:A4",
      "name": "Star Field"
    },
    "R2:A5": {
      "id": "R2:A5",
      "name": "Crystal Forge Market"
    },
    "R2:A6": {
      "id": "R2:A6",
      "name": "Oak Glen Port"
    },
    "R2:A7": {
      "id": "R2:A7",
      "name": "Star Moor"
    },
    "R2:A8": {
      "id": "R2:A8",
      "name": "Birch Heights"
    },
    "R2:A9": {
      "id": "R2:A9",
      "name": "Green Harbor"
    },
    "R2:A10": {
      "id": "R2:A10",
      "name": "Shadow Watch"
    },
    "R2:A11": {
      "id": "R2:A11",
      "name": "Storm Gate Borough"
    },
    "R2:A12": {
      "id": "R2:A12",
      "name": "Crystal Ford"
    },
    "R2:A13": {
      "id": "R2:A13",
      "name": "Shadow Cross"
    },
    "R3:A1": {
      "id": "R3:A1",
      "name": "White Harbor"
    },
    "R3:A2": {
      "id": "R3:A2",
      "name": "Moon Ford Town"
    },
    "R3:A3": {
      "id": "R3:A3",
      "name": "Blue Hold"
    },
    "R3:A4": {
      "id": "R3:A4",
      "name": "Raven Gate Rest"
    },
    "R3:A5": {
      "id": "R3:A5",
      "name": "Crystal Glen Hold"
    },
    "R3:A6": {
      "id": "R3:A6",
      "name": "Green Moor"
    },
    "R3:A7": {
      "id": "R3:A7",
      "name": "Storm Hold"
    },
    "R3:A8": {
      "id": "R3:A8",
      "name": "River Watch"
    },
    "R3:A9": {
      "id": "R3:A9",
      "name": "Red Harbor Market"
    },
    "R3:A10": {
      "id": "R3:A10",
      "name": "River Heights"
    },
    "R3:A11": {
      "id": "R3:A11",
      "name": "Bright Wood Borough"
    },
    "R3:A12": {
      "id": "R3:A12",
      "name": "Bright Ridge Village"
    },
    "R3:A13": {
      "id": "R3:A13",
      "name": "Iron Field"
    },
    "R3:A14": {
      "id": "R3:A14",
      "name": "Blue Heath"
    },
    "R3:A15": {
      "id": "R3:A15",
      "name": "Crystal Wood"
    },
    "R4:A1": {
      "id": "R4:A1",
      "name": "Silver Hold Point"
    },
    "R4:A2": {
      "id": "R4:A2",
      "name": "Stone Heath"
    },
    "R4:A3": {
      "id": "R4:A3",
      "name": "Silver Watch"
    },
    "R4:A4": {
      "id": "R4:A4",
      "name": "Blue Field"
    },
    "R4:A5": {
      "id": "R4:A5",
      "name": "White Pass"
    },
    "R4:A6": {
      "id": "R4:A6",
      "name": "Wind Vale"
    },
    "R4:A7": {
      "id": "R4:A7",
      "name": "Star Ford"
    },
    "R4:A8": {
      "id": "R4:A8",
      "name": "Red Ridge"
    },
    "R4:A9": {
      "id": "R4:A9",
      "name": "Silver Wood Village"
    },
    "R4:A10": {
      "id": "R4:A10",
      "name": "Star Harbor"
    },
    "R4:A11": {
      "id": "R4:A11",
      "name": "Star Wood"
    },
    "R4:A12": {
      "id": "R4:A12",
      "name": "Raven Pass"
    },
    "R4:A13": {
      "id": "R4:A13",
      "name": "River Cliff"
    },
    "R5:A1": {
      "id": "R5:A1",
      "name": "Birch Cross Hold"
    },
    "R5:A2": {
      "id": "R5:A2",
      "name": "Birch Cross"
    },
    "R5:A3": {
      "id": "R5:A3",
      "name": "Wind Pass"
    },
    "R5:A4": {
      "id": "R5:A4",
      "name": "Stone Glen"
    },
    "R5:A5": {
      "id": "R5:A5",
      "name": "Stone Heath Market"
    },
    "R5:A6": {
      "id": "R5:A6",
      "name": "White Glen Town"
    },
    "R5:A7": {
      "id": "R5:A7",
      "name": "White Moor"
    },
    "R5:A8": {
      "id": "R5:A8",
      "name": "Wind Ridge"
    },
    "R5:A9": {
      "id": "R5:A9",
      "name": "Sun Heights"
    },
    "R5:A10": {
      "id": "R5:A10",
      "name": "Sun Wood"
    },
    "R5:A11": {
      "id": "R5:A11",
      "name": "Blue Field Market"
    },
    "R5:A12": {
      "id": "R5:A12",
      "name": "Raven Brook Town"
    },
    "R6:A1": {
      "id": "R6:A1",
      "name": "Bright Harbor"
    },
    "R6:A2": {
      "id": "R6:A2",
      "name": "Oak Hold Landing"
    },
    "R6:A3": {
      "id": "R6:A3",
      "name": "Storm Hollow"
    },
    "R6:A4": {
      "id": "R6:A4",
      "name": "Bright Field"
    },
    "R6:A5": {
      "id": "R6:A5",
      "name": "Moon Heath"
    },
    "R6:A6": {
      "id": "R6:A6",
      "name": "Silver Moor Market"
    },
    "R6:A7": {
      "id": "R6:A7",
      "name": "Blue Watch Village"
    },
    "R6:A8": {
      "id": "R6:A8",
      "name": "Red Ford Port"
    },
    "R6:A9": {
      "id": "R6:A9",
      "name": "Red Pass"
    },
    "R6:A10": {
      "id": "R6:A10",
      "name": "Silver Watch"
    },
    "R6:A11": {
      "id": "R6:A11",
      "name": "White Cliff"
    },
    "R6:A12": {
      "id": "R6:A12",
      "name": "Wind Forge"
    },
    "R6:A13": {
      "id": "R6:A13",
      "name": "Silver Ford"
    },
    "R7:A1": {
      "id": "R7:A1",
      "name": "Iron Forge"
    },
    "R7:A2": {
      "id": "R7:A2",
      "name": "Raven Forge"
    },
    "R7:A3": {
      "id": "R7:A3",
      "name": "Blue Hollow"
    },
    "R7:A4": {
      "id": "R7:A4",
      "name": "Storm Vale"
    },
    "R7:A5": {
      "id": "R7:A5",
      "name": "Bright Glen"
    },
    "R7:A6": {
      "id": "R7:A6",
      "name": "Sun Cliff Town"
    },
    "R7:A7": {
      "id": "R7:A7",
      "name": "Blue Ford"
    },
    "R7:A8": {
      "id": "R7:A8",
      "name": "Bright Ford Borough"
    },
    "R7:A9": {
      "id": "R7:A9",
      "name": "Crystal Ridge"
    },
    "R7:A10": {
      "id": "R7:A10",
      "name": "Stone Forge Market"
    },
    "R7:A11": {
      "id": "R7:A11",
      "name": "Golden Moor"
    },
    "R7:A12": {
      "id": "R7:A12",
      "name": "Raven Hollow Borough"
    },
    "R7:A13": {
      "id": "R7:A13",
      "name": "Red Ford"
    },
    "R8:A1": {
      "id": "R8:A1",
      "name": "Blue Glen Hold"
    },
    "R8:A2": {
      "id": "R8:A2",
      "name": "Bright Gate"
    },
    "R8:A3": {
      "id": "R8:A3",
      "name": "Shadow Wood"
    },
    "R8:A4": {
      "id": "R8:A4",
      "name": "Bright Wood"
    },
    "R8:A5": {
      "id": "R8:A5",
      "name": "Blue Forge"
    },
    "R8:A6": {
      "id": "R8:A6",
      "name": "Moon Watch"
    },
    "R8:A7": {
      "id": "R8:A7",
      "name": "Wind Hold"
    },
    "R8:A8": {
      "id": "R8:A8",
      "name": "White Wood"
    },
    "R8:A9": {
      "id": "R8:A9",
      "name": "White Heights"
    },
    "R8:A10": {
      "id": "R8:A10",
      "name": "Wind Gate"
    },
    "R8:A11": {
      "id": "R8:A11",
      "name": "Golden Pass"
    },
    "R8:A12": {
      "id": "R8:A12",
      "name": "Star Heath"
    },
    "R8:A13": {
      "id": "R8:A13",
      "name": "Oak Field"
    },
    "R8:A14": {
      "id": "R8:A14",
      "name": "Blue Ridge"
    },
    "R8:A15": {
      "id": "R8:A15",
      "name": "Green Moor"
    },
    "R9:A1": {
      "id": "R9:A1",
      "name": "Storm Ford"
    },
    "R9:A2": {
      "id": "R9:A2",
      "name": "Star Heights Port"
    },
    "R9:A3": {
      "id": "R9:A3",
      "name": "Golden Field"
    },
    "R9:A4": {
      "id": "R9:A4",
      "name": "Crystal Hold"
    },
    "R9:A5": {
      "id": "R9:A5",
      "name": "Raven Heath"
    },
    "R9:A6": {
      "id": "R9:A6",
      "name": "Crystal Brook Hold"
    },
    "R9:A7": {
      "id": "R9:A7",
      "name": "Green Moor"
    },
    "R9:A8": {
      "id": "R9:A8",
      "name": "Moon Watch"
    },
    "R9:A9": {
      "id": "R9:A9",
      "name": "Blue Moor"
    },
    "R9:A10": {
      "id": "R9:A10",
      "name": "Sun Cross"
    },
    "R9:A11": {
      "id": "R9:A11",
      "name": "Wind Gate Hold"
    },
    "R9:A12": {
      "id": "R9:A12",
      "name": "Silver Gate"
    },
    "R10:A1": {
      "id": "R10:A1",
      "name": "Wind Vale"
    },
    "R10:A2": {
      "id": "R10:A2",
      "name": "Shadow Watch"
    },
    "R10:A3": {
      "id": "R10:A3",
      "name": "Red Heights"
    },
    "R10:A4": {
      "id": "R10:A4",
      "name": "Shadow Harbor Rest"
    },
    "R10:A5": {
      "id": "R10:A5",
      "name": "Crystal Field"
    },
    "R10:A6": {
      "id": "R10:A6",
      "name": "Raven Forge"
    },
    "R10:A7": {
      "id": "R10:A7",
      "name": "Blue Cliff Point"
    },
    "R10:A8": {
      "id": "R10:A8",
      "name": "Shadow Watch"
    },
    "R10:A9": {
      "id": "R10:A9",
      "name": "Red Hold"
    },
    "R10:A10": {
      "id": "R10:A10",
      "name": "Moon Heights Village"
    },
    "R10:A11": {
      "id": "R10:A11",
      "name": "Raven Vale"
    },
    "R10:A12": {
      "id": "R10:A12",
      "name": "Shadow Heath"
    }
  },
  "areaOwners": {},
  "users": {}
}