{"owned":true,"id":"R1:A1","name":"Test Hold","ownerId":"754cdaab-8948-4007-918c-6827ecdb5a09","ownerName":"Isolde_525","resources":{"Timber":2000,"Stone":2000,"Coal":0,"Food":4999.850000000002,"Hides":0,"Leather":0,"Planks":0,"IronIngot":0,"Steel":0,"Tools":0,"SimpleSpear":0,"Horse":0,"Knowledge":0,"Gold":500,"GoldOre":0,"GoldIngot":0,"Horses":0,"Captives":0,"Villager":0},"stats":{"currentPop":30,"maxPop":50,"approval":64,"foodTotal":4999.850000000002,"captives":0,"populationConsumptionPerSecond":0.008333333333333333,"populationConsumptionPerHour":30,"foodEquivalentPerHour":30},"queue":[],"buildings":[{"id":"TownHall","name":"Town Hall","displayName":"Town Hall","level":1,"isLocked":false,"isUpgrading":false,"progress":0,"upgradeCost":{"Timber":360,"Stone":270},"productionPerSecond":{},"productionPerHour":{},"perWorkerRates":{},"perWorkerRatesPerHour":{},"housingByLevel":[0,50,100,200,400,800,1500,3000,6000,12000,25000],"researchSlotsByLevel":null,"missingReqs":[],"assigned":0,"maxAssign":4,"category":"Economy","tags":["core","economy"],"relatedTechs":[],"upgradeSecondsRemaining":null,"upgradeTotalTime":null},{"id":"Farmhouse","name":"Farmhouse","displayName":"Farmhouse","level":1,"isLocked":false,"isUpgrading":false,"progress":0,"upgradeCost":{"Timber":90,"Stone":45},"productionPerSecond":{},"productionPerHour":{},"perWorkerRates":{"Food":0.15},"perWorkerRatesPerHour":{"Food":540},"housingByLevel":null,"researchSlotsByLevel":null,"missingReqs":[],"assigned":0,"maxAssign":2,"category":"Extraction","tags":["extraction","gathering","food"],"relatedTechs":[],"upgradeSecondsRemaining":null,"upgradeTotalTime":null},{"id":"LoggingCamp","name":"Logging Camp","displayName":"Logging Camp","level":1,"isLocked":false,"isUpgrading":false,"progress":0,"upgradeCost":{"Food":75,"Stone":30},"productionPerSecond":{"Timber":0},"productionPerHour":{"Timber":0},"perWorkerRates":{"Timber":0.09},"perWorkerRatesPerHour":{"Timber":324},"housingByLevel":null,"researchSlotsByLevel":null,"missingReqs":[],"assigned":0,"maxAssign":2,"category":"Extraction","tags":["extraction","gathering","timber"],"relatedTechs":[],"upgradeSecondsRemaining":null,"upgradeTotalTime":null},{"id":"SurfaceMine","name":"Surface Mine","displayName":"Surface Mine","level":1,"isLocked":false,"isUpgrading":false,"progress":0,"upgradeCost":{"Timber":128,"Stone":64},"productionPerSecond":{},"productionPerHour":{},"perWorkerRates":{},"perWorkerRatesPerHour":{},"housingByLevel":null,"researchSlotsByLevel":null,"missingReqs":[],"assigned":0,"maxAssign":2,"category":"Extraction","tags":["extraction","gathering","stone","ore"],"relatedTechs":[],"upgradeSecondsRemaining":null,"upgradeTotalTime":null},{"id":"Storehouse","name":"Storehouse","displayName":"Storehouse","level":0,"isLocked":false,"isUpgrading":false,"progress":0,"upgradeCost":{"Timber":150,"Stone":75},"productionPerSecond":{},"productionPerHour":{},"perWorkerRates":{},"perWorkerRatesPerHour":{},"housingByLevel":null,"researchSlotsByLevel":null,"missingReqs":[],"assigned":0,"maxAssign":3,"category":"Economy","tags":["economy","storage"],"relatedTechs":[],"upgradeSecondsRemaining":null,"upgradeTotalTime":null},{"id":"Barracks","name":"Barracks","displayName":"Barracks","level":0,"isLocked":false,"isUpgrading":false,"progress":0,"upgradeCost":{"Timber":150,"Stone":100},"productionPerSecond":{},"productionPerHour":{},"perWorkerRates":{},"perWorkerRatesPerHour":{},"housingByLevel":null,"researchSlotsByLevel":null,"missingReqs":[],"assigned":0,"maxAssign":3,"category":"Military","tags":["military","warfare"],"relatedTechs":[],"upgradeSecondsRemaining":null,"upgradeTotalTime":null},{"id":"Sawpit","name":"Sawpit","displayName":"Sawpit","level":0,"isLocked":true,"isUpgrading":false,"progress":0,"upgradeCost":{"Timber":500,"Stone":200},"productionPerSecond":{},"productionPerHour":{},"perWorkerRates":{},"perWorkerRatesPerHour":{},"housingByLevel":null,"researchSlotsByLevel":null,"missingReqs":["building Town Hall L5 (have L1)"],"assigned":0,"maxAssign":0,"category":"Industry","tags":["industry","processing","planks"],"relatedTechs":[],"upgradeSecondsRemaining":null,"upgradeTotalTime":null},{"id":"Bloomery","name":"Bloomery","displayName":"Bloomery","level":0,"isLocked":true,"isUpgrading":false,"progress":0,"upgradeCost":{"Timber":800,"Stone":400},"productionPerSecond":{},"productionPerHour":{},"perWorkerRates":{},"perWorkerRatesPerHour":{},"housingByLevel":null,"researchSlotsByLevel":null,"missingReqs":["building Surface Mine L7 (have L1)"],"assigned":0,"maxAssign":0,"category":"Industry","tags":["industry","processing","iron"],"relatedTechs":[],"upgradeSecondsRemaining":null,"upgradeTotalTime":null},{"id":"Library","name":"Library","displayName":"Library","level":0,"isLocked":true,"isUpgrading":false,"progress":0,"upgradeCost":{"Timber":1000,"Stone":500},"productionPerSecond":{},"productionPerHour":{},"perWorkerRates":{},"perWorkerRatesPerHour":{},"housingByLevel":null,"researchSlotsByLevel":null,"missingReqs":["building Town Hall L8 (have L1)"],"assigned":0,"maxAssign":0,"category":"Economy","tags":["economy","research","knowledge"],"relatedTechs":[],"upgradeSecondsRemaining":null,"upgradeTotalTime":null},{"id":"ArcheryRange","name":"Archery Range","displayName":"Archery Range","level":0,"isLocked":true,"isUpgrading":false,"progress":0,"upgradeCost":{"Timber":400,"Planks":200},"productionPerSecond":{},"productionPerHour":{},"perWorkerRates":{},"perWorkerRatesPerHour":{},"housingByLevel":null,"researchSlotsByLevel":null,"missingReqs":["building Town Hall L5 (have L1)"],"assigned":0,"maxAssign":0,"category":"Military","tags":["military","warfare"],"relatedTechs":[],"upgradeSecondsRemaining":null,"upgradeTotalTime":null},{"id":"Smithy","name":"Smithy","displayName":"Smithy","level":0,"isLocked":true,"isUpgrading":false,"progress":0,"upgradeCost":{"Planks":1200,"IronIngot":600},"productionPerSecond":{},"productionPerHour":{},"perWorkerRates":{},"perWorkerRatesPerHour":{},"housingByLevel":null,"researchSlotsByLevel":null,"missingReqs":["building Town Hall L10 (have L1)"],"assigned":0,"maxAssign":0,"category":"Industry","tags":["industry","processing","tools"],"relatedTechs":[],"upgradeSecondsRemaining":null,"upgradeTotalTime":null},{"id":"DeepMine","name":"Ore Refinery","displayName":"Ore Refinery","level":0,"isLocked":true,"isUpgrading":false,"progress":0,"upgradeCost":{"Planks":1000},"productionPerSecond":{},"productionPerHour":{},"perWorkerRates":{},"perWorkerRatesPerHour":{},"housingByLevel":null,"researchSlotsByLevel":null,"missingReqs":["building Smithy L1 (have L0)"],"assigned":0,"maxAssign":0,"category":"Extraction","tags":["extraction","refinement","iron"],"relatedTechs":[],"upgradeSecondsRemaining":null,"upgradeTotalTime":null},{"id":"CharcoalKiln","name":"Charcoal Kiln","displayName":"Charcoal Kiln","level":0,"isLocked":true,"isUpgrading":false,"progress":0,"upgradeCost":{"Planks":800},"productionPerSecond":{},"productionPerHour":{},"perWorkerRates":{},"perWorkerRatesPerHour":{},"housingByLevel":null,"researchSlotsByLevel":null,"missingReqs":["building Bloomery L5 (have L0)"],"assigned":0,"maxAssign":0,"category":"Industry","tags":["industry","processing","coal"],"relatedTechs":[],"upgradeSecondsRemaining":null,"upgradeTotalTime":null},{"id":"Tenements","name":"Tenements","displayName":"Tenements","level":0,"isLocked":true,"isUpgrading":false,"progress":0,"upgradeCost":{"Planks":2000,"Stone":1000},"productionPerSecond":{},"productionPerHour":{},"perWorkerRates":{},"perWorkerRatesPerHour":{},"housingByLevel":null,"researchSlotsByLevel":null,"missingReqs":["building Town Hall L12 (have L1)"],"assigned":0,"maxAssign":3,"category":"Economy","tags":["economy","housing"],"relatedTechs":[],"upgradeSecondsRemaining":null,"upgradeTotalTime":null},{"id":"University","name":"University","displayName":"University","level":0,"isLocked":true,"isUpgrading":false,"progress":0,"upgradeCost":{"Planks":5000,"Tools":2000},"productionPerSecond":{},"productionPerHour":{},"perWorkerRates":{},"perWorkerRatesPerHour":{},"housingByLevel":null,"researchSlotsByLevel":null,"missingReqs":["building Town Hall L15 (have L1)"],"assigned":0,"maxAssign":0,"category":"Economy","tags":["economy","research","knowledge"],"relatedTechs":[],"upgradeSecondsRemaining":null,"upgradeTotalTime":null},{"id":"SteelWorks","name":"Steel Works","displayName":"Steel Works","level":0,"isLocked":true,"isUpgrading":false,"progress":0,"upgradeCost":{"Planks":8000,"IronIngot":4000},"productionPerSecond":{},"productionPerHour":{},"perWorkerRates":{},"perWorkerRatesPerHour":{},"housingByLevel":null,"researchSlotsByLevel":null,"missingReqs":["building Smithy L10 (have L0)"],"assigned":0,"maxAssign":0,"category":"Industry","tags":["industry","processing","steel"],"relatedTechs":[],"upgradeSecondsRemaining":null,"upgradeTotalTime":null},{"id":"UrbanDistrict","name":"Urban District","displayName":"Urban District","level":0,"isLocked":true,"isUpgrading":false,"progress":0,"upgradeCost":{"Planks":10000},"productionPerSecond":{},"productionPerHour":{},"perWorkerRates":{},"perWorkerRatesPerHour":{},"housingByLevel":null,"researchSlotsByLevel":null,"missingReqs":["building Tenements L10 (have L0)"],"assigned":0,"maxAssign":3,"category":"Economy","tags":["economy","housing"],"relatedTechs":[],"upgradeSecondsRemaining":null,"upgradeTotalTime":null},{"id":"GoldShaft","name":"Gold Shaft","displayName":"Gold Shaft","level":0,"isLocked":true,"isUpgrading":false,"progress":0,"upgradeCost":{"Steel":15000},"productionPerSecond":{},"productionPerHour":{},"perWorkerRates":{},"perWorkerRatesPerHour":{},"housingByLevel":null,"researchSlotsByLevel":null,"missingReqs":["building University L10 (have L0)"],"assigned":0,"maxAssign":0,"category":"Extraction","tags":["extraction","gathering","gold"],"relatedTechs":[],"upgradeSecondsRemaining":null,"upgradeTotalTime":null},{"id":"RoyalMint","name":"Royal Mint","displayName":"Royal Mint","level":0,"isLocked":true,"isUpgrading":false,"progress":0,"upgradeCost":{"Steel":20000,"Stone":10000},"productionPerSecond":{},"productionPerHour":{},"perWorkerRates":{},"perWorkerRatesPerHour":{},"housingByLevel":null,"researchSlotsByLevel":null,"missingReqs":["building University L12 (have L0)"],"assigned":0,"maxAssign":0,"category":"Industry","tags":["industry","processing","gold"],"relatedTechs":[],"upgradeSecondsRemaining":null,"upgradeTotalTime":null},{"id":"CitadelWatch","name":"Citadel Watch","displayName":"Citadel Watch","level":0,"isLocked":false,"isUpgrading":false,"progress":0,"upgradeCost":{"Stone":50000,"Steel":10000},"productionPerSecond":{},"productionPerHour":{},"perWorkerRates":{},"perWorkerRatesPerHour":{},"housingByLevel":null,"researchSlotsByLevel":null,"missingReqs":[],"assigned":0,"maxAssign":3,"category":"Military","tags":["military","warfare"],"relatedTechs":[],"upgradeSecondsRemaining":null,"upgradeTotalTime":null},{"id":"Stable","name":"Stable","displayName":"Stable","level":0,"isLocked":false,"isUpgrading":false,"progress":0,"upgradeCost":{"Planks":2000,"Stone":1000},"productionPerSecond":{},"productionPerHour":{},"perWorkerRates":{},"perWorkerRatesPerHour":{},"housingByLevel":null,"researchSlotsByLevel":null,"missingReqs":[],"assigned":0,"maxAssign":0,"category":"Military","tags":["military","warfare"],"relatedTechs":[],"upgradeSecondsRemaining":null,"upgradeTotalTime":null}],"units":[{"type":"Villager","count":30},{"type":"Militia","count":0},{"type":"Spearmen","count":0},{"type":"Knights","count":0},{"type":"Trebuchet","count":0},{"type":"TradeCart","count":0},{"type":"Scout","count":0},{"type":"ManAtArms","count":0},{"type":"ImperialGuard","count":0},{"type":"Archer","count":0},{"type":"SupplyWagon","count":0},{"type":"Mangonel","count":0},{"type":"Spy","count":0},{"type":"Scholar","count":0}],"assignments":{},"idleReasons":{},"missions":[]}